{"cameraMode":{"drawMode":0,"name":"Shaded","section":"Shading Mode"},"sceneLighting":true,"audioPlay":false,"sceneViewState":{"m_AlwaysRefresh":false,"showFog":true,"showSkybox":true,"showFlares":true,"showImageEffects":true,"showParticleSystems":true,"showVisualEffectGraphs":true,"m_FxEnabled":true},"in2DMode":false,"pivot":{"x":481.54925537109377,"y":4.470910549163818,"z":445.5450134277344},"rotation":{"x":-0.0026956216897815468,"y":-0.9966378211975098,"z":-0.04761750251054764,"w":0.07170896232128144},"size":12.12435531616211,"orthographic":false}